{"_embedded": {"applications": [{"id": 1, "undergraduateStudies": "Informatics and Telematics", "grade": 7, "professor1": "Tom Smith", "professor2": "George Walker", "approval": "yes", "orderNumber": 1, "_links": {"self": {"href": "http://localhost:8080/api/application/1"}, "application": {"href": "http://localhost:8080/api/application/1"}}}, {"id": 2, "undergraduateStudies": "Informatics and Telematics", "grade": 7, "professor1": "Tom Smith", "professor2": "George Walker", "approval": "yes", "orderNumber": 5, "_links": {"self": {"href": "http://localhost:8080/api/application/2"}, "application": {"href": "http://localhost:8080/api/application/2"}}}, {"id": 2, "undergraduateStudies": "hua dit", "grade": 7, "professor1": "tom smith", "professor2": "jim ken", "approval": "pending", "orderNumber": 7, "_links": {"self": {"href": "http://localhost:8080/api/application/4"}, "application": {"href": "http://localhost:8080/api/application/4"}}}]}, "_links": {"self": {"href": "http://localhost:8080/api/application"}, "profile": {"href": "http://localhost:8080/api/profile/application"}}, "page": {"size": 20, "totalElements": 3, "totalPages": 1, "number": 0}}